"","Date","Open","High","Low","Close","Volume","VWAP","TWAP"
"1",2018-03-11,1.30661574,1.42491785,1.2654959,1.39491159,22121070.6020558,1.34163759,1.34135997
"2",2018-03-10,1.39390372,1.47778567,1.29310017,1.30784857,23963436.3266371,1.41211975,1.40665346
"3",2018-03-09,1.38791533,1.40822202,1.19030604,1.39667682,41749479.2734091,1.30293413,1.30269828
"4",2018-03-08,1.53720622,1.54685629,1.38282474,1.39802206,24688205.4584568,1.47482574,1.46731508
"5",2018-03-07,1.69397645,1.70964344,1.4011641,1.53258734,44495861.327934,1.60494294,1.61061762
"6",2018-03-06,1.8674012,1.89296425,1.65836482,1.68746598,36013915.770701,1.74904307,1.7809572
"7",2018-03-05,1.89430006,1.90097195,1.84842056,1.87788804,12896621.1631756,1.87875502,1.87836334
"8",2018-03-04,1.86357327,1.91023131,1.81127549,1.8937254,14815106.2785772,1.86809349,1.86752175
"9",2018-03-03,1.91659994,1.95306556,1.84901616,1.86592722,13941199.986607,1.89050667,1.8908462
"10",2018-03-02,1.96828541,2.00788979,1.86396619,1.91636373,14311797.0041302,1.9371605,1.93254973
"11",2018-03-01,1.85403012,2.00904794,1.83614283,1.96708162,20851204.6106748,1.94586162,1.9454253
"12",2018-02-28,1.96584063,2.01929878,1.84626245,1.85207603,20964702.1160088,1.93966735,1.93736291
"13",2018-02-27,1.86743385,2.06202394,1.81823504,1.9784644,31847135.9657278,1.92449876,1.91786248
"14",2018-02-26,1.81443,1.9045302,1.76590853,1.86702928,23087132.9737294,1.83750868,1.84093968
"15",2018-02-25,1.77066021,1.97425606,1.74743478,1.81056287,55895037.4085098,1.85821714,1.86021026
"16",2018-02-24,1.74940685,1.80543188,1.64613293,1.76782942,23469763.9265685,1.7311052,1.72984789
"17",2018-02-23,1.61973119,1.81561624,1.57809567,1.75375929,22356708.0708844,1.70782771,1.71100392
"18",2018-02-22,1.74915336,1.85758687,1.57379086,1.61860884,32685683.2395217,1.69096099,1.69638096
"19",2018-02-21,1.90273733,1.94640331,1.72974593,1.759869,28804644.0398922,1.83031138,1.83357295
"20",2018-02-20,2.08370489,2.11600827,1.86514434,1.88733757,25778375.1625975,2.02996096,2.03516929
"21",2018-02-19,1.98103727,2.14330778,1.97604389,2.08145447,15525348.0949108,2.07626415,2.07924635
"22",2018-02-18,2.20094568,2.21181631,1.97544462,1.98549098,21826997.1387064,2.09400444,2.0953775
"23",2018-02-17,2.10034548,2.21041373,2.08438725,2.1960299,19054974.1423067,2.16478861,2.16526021
"24",2018-02-16,2.11572844,2.17918551,1.99122201,2.10055096,21202055.216672,2.08486531,2.08355253
"25",2018-02-15,2.03049513,2.17315235,1.99597106,2.12350495,30660343.2140464,2.07267228,2.07277409
"26",2018-02-14,1.81689015,2.03544259,1.79409076,2.03230279,26023697.7912316,1.92476245,1.91574102
"27",2018-02-13,1.87700022,1.87700022,1.74540479,1.81524887,16513733.3830977,1.79974473,1.79973287
"28",2018-02-12,1.7005357,1.90739239,1.7005357,1.86305926,19681869.5048913,1.82576459,1.82677068
"29",2018-02-11,1.86745305,1.86745305,1.62034345,1.70433713,21433503.3171692,1.7416899,1.74284221
"30",2018-02-10,1.95609552,2.12658003,1.78643455,1.86964353,28690238.7289016,1.94831762,1.94578629
"31",2018-02-09,1.78375493,1.98962668,1.7009205,1.95741226,28121543.0843524,1.83764681,1.83834991
"32",2018-02-08,1.59640843,1.85335163,1.59640843,1.79201923,28717404.8913944,1.76567173,1.76902497
"33",2018-02-07,1.61151943,1.87421189,1.53205146,1.59718056,41059795.1053941,1.68894644,1.69630809
"34",2018-02-06,1.44191927,1.70955916,1.20029351,1.62228858,62284070.7567257,1.41992962,1.41431514
"35",2018-02-05,1.73937133,1.76518011,1.34203467,1.43296282,47911556.5518324,1.56948376,1.5763286
"36",2018-02-04,1.98941015,2.06704299,1.62638907,1.73859822,33804108.2084604,1.88178347,1.8826589
"37",2018-02-03,1.80296831,2.0290526,1.6206909,1.98363955,32369099.4782315,1.82836628,1.85601907
"38",2018-02-02,1.8968296,1.92409062,1.40729049,1.81162592,65694337.5887753,1.72072187,1.72273965
"39",2018-02-01,2.30710115,2.31951522,1.74183515,1.91189355,56861711.8857184,1.99455944,2.06487756
"40",2018-01-31,2.22814655,2.33713185,2.17334331,2.29886159,20897471.2533187,2.2685235,2.26827745
"41",2018-01-30,2.57395317,2.63177273,2.18683891,2.19741171,42036722.855496,2.40367104,2.43184736
"42",2018-01-29,2.52623011,2.57921946,2.4046433,2.5655971,23527160.9794393,2.47942042,2.47781504
"43",2018-01-28,2.46746867,2.55837534,2.45306159,2.5274798,18879271.2356425,2.49700034,2.49697361
"44",2018-01-27,2.39661056,2.49961731,2.38402122,2.4545621,17420803.4822096,2.44037954,2.4428118
"45",2018-01-26,2.38041671,2.46798391,2.21086255,2.39824471,25886798.6290359,2.35595699,2.35755402
"46",2018-01-25,2.48742399,2.61071489,2.36110044,2.38395369,23430717.9077263,2.47003329,2.46646774
"47",2018-01-24,2.56089933,2.61552317,2.4044618,2.46659826,29449767.8070589,2.50298928,2.50404246
"48",2018-01-23,2.53686659,2.66321076,2.27885228,2.52820957,31984951.5038389,2.49316542,2.50109944
"49",2018-01-22,2.90297788,2.95752401,2.24400702,2.54626859,49013501.6093834,2.64961904,2.68224781
"50",2018-01-21,3.22013001,3.23790556,2.73718373,2.87851523,32770788.0770047,2.95917862,2.94792549
"51",2018-01-20,2.75728019,3.32966115,2.75728019,3.21934848,43408475.8759537,3.11578048,3.10454926
"52",2018-01-19,2.84495652,2.99657484,2.6312057,2.74487467,37345091.8485392,2.84474183,2.84719146
"53",2018-01-18,2.78841553,3.13022101,2.64818206,2.85761006,43838858.548483,2.90016536,2.91346771
"54",2018-01-17,2.6572547,2.95907143,1.99546051,2.77729602,86268564.8834777,2.47799427,2.47962358
"55",2018-01-16,3.65763958,3.65763958,2.04827755,2.67649266,96326213.3143006,3.02932783,3.13490037
"56",2018-01-15,3.92563153,4.00481667,3.63056499,3.64775323,25881183.4200959,3.84279908,3.83725
"57",2018-01-14,4.14680299,4.17859995,3.72821535,3.93650325,33085102.409142,3.93921191,3.93107522
"58",2018-01-13,3.86890032,4.34916121,3.86890032,4.15381076,47350931.6135893,4.14574903,4.13294074
"59",2018-01-12,3.55816839,3.87679673,3.42006232,3.86978675,33533330.4651718,3.66255927,3.68580621
"60",2018-01-11,3.93642541,3.9704852,3.36058241,3.53022406,68504765.6208937,3.66349468,3.66763299
"61",2018-01-10,3.78526108,3.9469389,3.44752621,3.92342945,59550025.4031361,3.73036114,3.72780564
"62",2018-01-09,4.19249524,4.26867834,3.75302809,3.78266904,52603972.6445946,4.04179892,4.02712531
"63",2018-01-08,4.59817268,4.65331683,3.79570209,4.20411856,75588568.3568491,4.36113748,4.36184153
"64",2018-01-07,4.23090122,5.11263614,4.19529864,4.57975589,81198274.4769873,4.48392352,4.44385377
"65",2018-01-06,3.99543997,4.31067235,3.99543997,4.23096008,48352710.7789605,4.11852432,4.12329055
"66",2018-01-05,4.32527078,4.46715768,3.96457587,3.99603673,70436726.4418577,4.19406451,4.18466773
"67",2018-01-04,4.22232192,4.74052209,3.87160715,4.36504236,110454143.13784,4.17624249,4.13845817
"68",2018-01-03,4.15146589,4.25632379,4.06193045,4.20290965,54732251.8661219,4.14159595,4.13853764
"69",2018-01-02,4.06790465,4.40524562,3.97528919,4.15385158,79482166.3767501,4.17126574,4.16703578
"70",2018-01-01,3.6305082,4.33690229,3.5666895,4.0644553,72983389.6209044,3.77553863,3.749931
"71",2017-12-31,3.44354801,3.73238935,3.40518238,3.62587141,50696378.1825086,3.57835136,3.58684446
"72",2017-12-30,3.82869843,3.84964294,3.20853134,3.46906875,80040521.8551411,3.49501671,3.50349749
"73",2017-12-29,3.85787682,3.96419597,3.59375689,3.83493029,57822627.8174454,3.79618681,3.7959279
"74",2017-12-28,3.86644983,3.88892122,3.46861265,3.84943074,69054807.7505059,3.65782638,3.65905175
"75",2017-12-27,3.86594437,4.44956659,3.78928213,3.88363563,89667447.2848831,4.05640692,4.06472364
"76",2017-12-26,3.60790474,3.86450807,3.59825003,3.85857647,50679428.0993106,3.72053124,3.72037281
"77",2017-12-25,3.59304275,3.91908084,3.44070336,3.61232604,53979216.8112344,3.64802859,3.65813288
"78",2017-12-24,3.84642845,3.84642845,3.23726517,3.58501369,87444205.8159092,3.52054121,3.52677426
"79",2017-12-23,3.58605277,4.19434953,3.58605277,3.83710152,76335961.6100216,3.92918685,3.9644851
"80",2017-12-22,4.98388709,5.04250931,2.63191335,3.56899437,273000090.517139,3.64807977,3.77287352
"81",2017-12-21,5.05159292,5.47108518,4.81125447,4.96964426,87032594.1596051,5.1006521,5.10250367
"82",2017-12-20,5.3599986,5.61823669,4.64815147,5.07106311,121479836.704806,5.1699495,5.14832983
"83",2017-12-19,4.24548926,5.67568574,3.88084855,5.30762991,191749928.377303,4.65638524,4.55853151
"84",2017-12-18,3.82703504,4.33195588,3.6901598,4.22898837,104121701.709546,3.98838664,3.97443284
"85",2017-12-17,3.62667906,3.9556933,3.46135618,3.80960417,87484704.1902993,3.60621863,3.60649492
"86",2017-12-16,3.91391807,4.09599398,3.47775907,3.62043118,77651987.5176737,3.79537281,3.77819199
"87",2017-12-15,3.74812683,4.12766288,3.36299891,3.89505929,112351930.073408,3.77571983,3.77240355
"88",2017-12-14,4.07446856,4.24282088,3.36953645,3.76573827,149980790.771169,3.95225944,3.95961771
"89",2017-12-13,4.67972589,4.73862927,3.72413572,4.07387307,121980330.054312,4.27161135,4.25999935
"90",2017-12-12,4.25740265,5.00836495,4.16817632,4.68558808,144051830.652485,4.56020804,4.53255487
"91",2017-12-11,4.07259127,4.5567563,4.07259127,4.23016506,96797657.0977769,4.29205674,4.29072272
"92",2017-12-10,4.65146236,4.65146236,3.7051702,4.06832342,146018355.515117,4.19195756,4.19356788
"93",2017-12-09,5.02193913,5.26050698,4.14623334,4.6636951,144650322.234243,4.77941185,4.76720466
"94",2017-12-08,4.09732907,4.98852518,3.66491137,4.98852518,185072136.519688,4.1353609,4.16896578
"95",2017-12-07,4.48147137,4.49523318,3.1692913,4.17916041,299582531.770547,3.88928257,3.88155121
"96",2017-12-06,4.60299763,6.02727733,3.7495017,4.5421612,475920176.539638,4.90462855,4.90405633
"97",2017-12-05,2.76365087,4.70196602,2.39872523,4.60768774,459594572.413559,3.41224288,3.39099676
"98",2017-12-04,1.88963233,2.988124,1.88963233,2.7524656,393683687.929126,2.52699697,2.47763995
"99",2017-12-03,1.43941891,2.02789216,1.42584742,1.86873945,210114159.319525,1.74460943,1.66002513
"100",2017-12-02,1.42829171,1.4434009,1.33698253,1.43067987,72496502.4965287,1.40143644,1.40174557
"101",2017-12-01,1.30800716,1.49186125,1.22361289,1.44278664,88574392.0738478,1.33485822,1.34186809
"102",2017-11-30,1.25992252,1.38235988,1.10196333,1.31893269,123321641.445399,1.27938138,1.27793158
"103",2017-11-29,1.46518828,1.53465964,1.10791751,1.2169881,219226872.131854,1.42414774,1.42007125
"104",2017-11-28,1.04283254,1.48228531,1.02834485,1.48228531,270591757.589378,1.18526978,1.17581941
"105",2017-11-27,0.8391438,1.0922078,0.79669396,1.04791361,165508395.056257,0.93567012,0.90638971
"106",2017-11-26,0.80739292,0.83995722,0.76506157,0.83995722,56193464.3556443,0.79238872,0.79228826
"107",2017-11-25,0.78657334,0.85430615,0.71464283,0.80829844,79845235.584836,0.77760407,0.78393331
"108",2017-11-24,0.78166578,0.79623154,0.68554887,0.78515761,143102708.250309,0.74251745,0.74511621
"109",2017-11-23,0.90016472,0.91549801,0.78456086,0.79944494,80943193.4730268,0.87843843,0.87879482
"110",2017-11-22,0.89018903,0.95582324,0.85199971,0.89933118,77887537.1718525,0.90764279,0.9075992
"111",2017-11-21,0.96473195,0.98633404,0.7768486,0.88656514,139139729.647939,0.89713697,0.89949114
"112",2017-11-20,0.85713633,0.99229778,0.85713633,0.9609311,95092303.8018069,0.93185075,0.92932629
"113",2017-11-19,0.81771712,0.88110724,0.80784025,0.86712685,71216264.5962649,0.84555638,0.844951
"114",2017-11-18,0.79223597,0.84040365,0.75344372,0.82160481,70270821.1185303,0.78991546,0.79124353
"115",2017-11-17,0.82368867,0.87776818,0.7342898,0.79943205,128604115.141963,0.80567394,0.80496391
"116",2017-11-16,0.7895473,0.89501637,0.71243681,0.8245053,160763166.878141,0.79945078,0.79546327
"117",2017-11-15,0.60825556,0.7874882,0.60825556,0.7874882,110271995.159815,0.68451265,0.67579203
"118",2017-11-14,0.58669559,0.61927898,0.54169914,0.61044836,55623857.0586093,0.58278202,0.58331252
"119",2017-11-13,0.59151045,0.64948504,0.57499338,0.59111673,63709163.613588,0.6088304,0.60853127
"120",2017-11-12,0.62561464,0.63593981,0.50704189,0.59300122,75127586.4816614,0.58098716,0.58185719
"121",2017-11-11,0.50161371,0.62386258,0.49951721,0.62128482,67976812.2147716,0.53666453,0.53905035
"122",2017-11-10,0.5358661,0.56382577,0.45920009,0.50523566,88857694.0510246,0.51894335,0.5168151
"123",2017-11-09,0.47434924,0.59547186,0.46638696,0.52976946,130518552.379169,0.5446367,0.54090974
"124",2017-11-08,0.38335067,0.48986082,0.38167947,0.47717726,93946789.8303037,0.43753516,0.4292017
"125",2017-11-07,0.37266178,0.39809502,0.36290839,0.38257446,40148330.2743346,0.38109425,0.3810136
"126",2017-11-06,0.34997411,0.38037439,0.34116174,0.37250065,35400187.0724618,0.35538645,0.35584494
"127",2017-11-05,0.36807412,0.37212012,0.33658389,0.35001959,36972407.3953983,0.35241742,0.35374344
"128",2017-11-04,0.37639702,0.3848047,0.36438728,0.36900352,23137693.0736197,0.37171823,0.37174369
"129",2017-11-03,0.36418619,0.38863743,0.35940968,0.37212884,34769542.6489245,0.3697742,0.36986442
"130",2017-11-02,0.36456096,0.383576,0.32097394,0.36603164,57065530.7848767,0.35250744,0.35145061
"131",2017-11-01,0.39138578,0.39138578,0.3563314,0.36347334,33081646.368324,0.37550906,0.3763815
"132",2017-10-31,0.40834297,0.40834297,0.38935275,0.3917116,19987271.2989761,0.39763502,0.39762442
"133",2017-10-30,0.40736995,0.4149817,0.3862309,0.4090498,22164200.2613685,0.39846181,0.3987254
"134",2017-10-29,0.40135524,0.41760277,0.37636321,0.40829191,39010497.6448362,0.40141796,0.40222968
"135",2017-10-28,0.42529699,0.42983907,0.39855418,0.40104668,22514418.3238481,0.41488576,0.41529188
"136",2017-10-27,0.42110443,0.4413694,0.39979818,0.42397653,21063418.5011662,0.42252306,0.42283246
"137",2017-10-26,0.4498184,0.46105251,0.41810969,0.42199744,25447643.3295745,0.44284091,0.44251965
"138",2017-10-25,0.45695173,0.47498843,0.43359284,0.45018929,31915458.3626981,0.44931843,0.44831893
"139",2017-10-24,0.39603312,0.50579593,0.38195144,0.45524142,103581740.822588,0.45648891,0.44907056
"140",2017-10-23,0.39101727,0.39893048,0.36247121,0.39275412,31339825.2484134,0.3801805,0.380449
"141",2017-10-22,0.39046541,0.41242558,0.38162831,0.3912692,23825385.6206462,0.39559567,0.39649339
"142",2017-10-21,0.40088173,0.40593768,0.32434802,0.39050568,51029897.7186335,0.37221883,0.37326883
"143",2017-10-20,0.43318215,0.43521301,0.39034791,0.40397559,44152369.8191845,0.40891062,0.40979979
"144",2017-10-19,0.45457459,0.46683436,0.41608562,0.4331812,28248435.5886077,0.44276271,0.44403379
"145",2017-10-18,0.46940263,0.48045673,0.4285142,0.4551517,27371492.6949148,0.45450284,0.45526906
"146",2017-10-17,0.45015087,0.49588891,0.43457994,0.47497141,26689493.5326764,0.44748721,0.44681805
"147",2017-10-16,0.43808909,0.45932665,0.42220404,0.4489963,17964817.7423622,0.44277671,0.4430666
"148",2017-10-15,0.45792977,0.45945817,0.41398024,0.43919317,18798432.9648833,0.43844534,0.43737965
"149",2017-10-14,0.44139285,0.48132005,0.43109919,0.45650534,25014296.222056,0.45501762,0.45519612
"150",2017-10-13,0.41304807,0.44481331,0.40130952,0.44011683,33526393.854735,0.42482234,0.42522588
"151",2017-10-12,0.48112686,0.48552489,0.39758191,0.41166218,40640932.4792964,0.45208569,0.45847706
"152",2017-10-11,0.47680599,0.48837341,0.46455073,0.48054876,14456259.3015926,0.47588072,0.47604969
"153",2017-10-10,0.46824315,0.48682342,0.45096168,0.47645118,15474263.3743236,0.46907905,0.4701902
"154",2017-10-09,0.49952822,0.50111437,0.43811929,0.46703356,38500242.6754907,0.47291731,0.47839627
"155",2017-10-08,0.53620549,0.53754678,0.49476347,0.49999459,16865220.341077,0.52327513,0.52380911
"156",2017-10-07,0.50354225,0.54160239,0.48888286,0.53838147,15720101.9052616,0.50865821,0.50934002
"157",2017-10-06,0.542321,0.56257136,0.49386452,0.5027393,22112176.4253825,0.5365626,0.5406368
"158",2017-10-05,0.54561061,0.56792048,0.51927007,0.53915788,11552841.7462273,0.54323186,0.54415175
"159",2017-10-04,0.56095634,0.56927402,0.51837843,0.54494372,14176272.3559579,0.54519889,0.54415392
"160",2017-10-03,0.57730305,0.58132065,0.51604762,0.55867171,21411051.3222491,0.54893791,0.54925857
"161",2017-10-02,0.61311487,0.62198454,0.56471072,0.57692189,21889222.9589618,0.58955794,0.59320929
"162",2017-10-01,0.62108774,0.62898336,0.59196989,0.60976333,12935767.5455987,0.61251941,0.60977428
"163",2017-09-30,0.58377022,0.64631365,0.57635097,0.6210104,33672470.1712257,0.61538343,0.61328581
"164",2017-09-29,0.59542667,0.60950053,0.54280172,0.58330199,28508940.9057597,0.5769449,0.57801199
"165",2017-09-28,0.55103757,0.61194536,0.52759074,0.59493418,39824692.0505016,0.56604889,0.55940581
"166",2017-09-27,0.51408669,0.55435905,0.50695418,0.55057229,22060395.4390271,0.53164872,0.53226925
"167",2017-09-26,0.55590589,0.55952219,0.50803896,0.51391518,28388414.3572423,0.53601958,0.53745635
"168",2017-09-25,0.52125924,0.5664588,0.52125924,0.5564186,18826105.0932328,0.54657943,0.5460531
"169",2017-09-24,0.54027899,0.54163464,0.50678506,0.52108223,17613739.6207876,0.52298867,0.5228334
"170",2017-09-23,0.50776401,0.55329244,0.49497405,0.5425115,15470747.2867488,0.53007037,0.53007936
"171",2017-09-22,0.49936742,0.51737475,0.47381157,0.50841478,17438236.114177,0.49642049,0.49695306
"172",2017-09-21,0.56672737,0.57075177,0.46924605,0.50026746,36926693.4245234,0.51802632,0.52402291
"173",2017-09-20,0.55994564,0.58372594,0.5452293,0.56578414,15401775.1804692,0.56657971,0.56715641
"174",2017-09-19,0.60785433,0.61174155,0.55361409,0.5648417,22799304.5547255,0.57711268,0.57596699
"175",2017-09-18,0.49695549,0.61116303,0.49695549,0.60677007,46989265.878436,0.58088295,0.57432813
"176",2017-09-17,0.48504995,0.50577894,0.46369726,0.49725229,15181558.7725281,0.48175337,0.48349754
"177",2017-09-16,0.48056037,0.51030896,0.45555824,0.48742038,27579261.4617242,0.48626316,0.48407345
"178",2017-09-15,0.44740456,0.50929022,0.37159021,0.48085323,87228044.7138148,0.45608242,0.45528374
"179",2017-09-14,0.56561736,0.57368359,0.44190151,0.44190151,58176846.7032406,0.50619725,0.50973908
"180",2017-09-13,0.59214667,0.5973056,0.47443683,0.56675279,56938750.9268185,0.53018483,0.52968694
"181",2017-09-12,0.56397423,0.64591258,0.55172829,0.59337753,72936044.6549726,0.6024783,0.60324729
"182",2017-09-11,0.49916813,0.55869142,0.48300311,0.55782223,42264132.6183671,0.50804633,0.50836239
"183",2017-09-10,0.55820337,0.5677628,0.4663458,0.49673284,65818838.4105258,0.5074469,0.51115425
"184",2017-09-09,0.54060566,0.58423476,0.52352785,0.56274481,27060293.3381859,0.55414565,0.55287441
"185",2017-09-08,0.6461538,0.65634319,0.48814457,0.54116767,89873563.9819623,0.57599953,0.58951508
"186",2017-09-07,0.73838506,0.73843448,0.61788314,0.64214234,48303490.1084386,0.68520304,0.68567594
"187",2017-09-06,0.61460585,0.74838596,0.59633147,0.7380343,44298210.2740634,0.66440024,0.66932425
"188",2017-09-05,0.54898133,0.64688347,0.4681487,0.61685143,74601317.7303466,0.56709677,0.57621546
"189",2017-09-04,0.74378974,0.74378974,0.40884502,0.55641558,131397540.350457,0.61645907,0.63946788
"190",2017-09-03,0.69762013,0.77635771,0.67325055,0.74699813,39471167.0258399,0.73297791,0.73249093
"191",2017-09-02,0.79596207,0.80198491,0.64832759,0.6977186,56304599.7123968,0.70797379,0.71211923
"192",2017-09-01,0.84250953,0.8809539,0.77262677,0.80707697,34488479.2313617,0.83683838,0.84142707
"193",2017-08-31,0.86769241,0.90152832,0.82295664,0.84078123,17782238.8434241,0.87711409,0.87645622
"194",2017-08-30,0.81345348,0.87564196,0.79278311,0.86778784,19785753.432997,0.83964692,0.84109615
"195",2017-08-29,0.87696093,0.87696093,0.71389716,0.81331669,34957496.0929307,0.83533651,0.83683361
"196",2017-08-28,0.92080119,0.92610263,0.80749263,0.87273452,27528748.8190187,0.87207146,0.87727838
"197",2017-08-27,0.96051391,0.97896062,0.88420027,0.92044038,19198178.2806596,0.92220184,0.92305801
"198",2017-08-26,0.91986377,0.96894756,0.87963629,0.96143282,16804683.9570143,0.91568105,0.91710397
"199",2017-08-25,0.89337571,0.9346385,0.83668478,0.91711307,19637735.3982085,0.87917749,0.87784516
"200",2017-08-24,0.85386283,0.88938902,0.80797475,0.88895676,18791587.2056699,0.84497807,0.84617538
"201",2017-08-23,0.84180464,0.93809945,0.83227685,0.85327722,31981506.1172858,0.87377538,0.87466211
"202",2017-08-22,0.90664508,0.90664508,0.78189556,0.84603517,30889285.0658761,0.84649063,0.84671089
"203",2017-08-21,0.90433307,0.93658589,0.84253139,0.90682996,36023456.7003919,0.88965514,0.89015984
"204",2017-08-20,0.97876973,1.02684599,0.93723494,0.94657191,30687422.0958379,0.97876772,0.97959238
"205",2017-08-19,0.86979417,0.98553497,0.7758056,0.98271745,40217818.4154832,0.87658394,0.87992669
"206",2017-08-18,1.01819694,1.0348742,0.76822997,0.86559361,66497356.4295527,0.93669611,0.93827742
"207",2017-08-17,1.04464766,1.09983009,1.01312158,1.01411338,56999973.7212513,1.06169012,1.06166319
"208",2017-08-16,0.92212822,1.04427655,0.88121209,1.04427655,48911912.1395958,0.94458753,0.95151365
"209",2017-08-15,0.97878469,1.0027326,0.77808247,0.91038231,91785983.8303708,0.93193927,0.93746108
"210",2017-08-14,0.81398307,0.97804451,0.79567218,0.97804451,55274850.0477722,0.87433926,0.86981385
"211",2017-08-13,0.72733566,0.83089116,0.71614492,0.81355295,50409044.4002662,0.78565673,0.78560868
"212",2017-08-12,0.65820434,0.73307652,0.6256218,0.72731417,27828741.6060398,0.67193686,0.67649603
"213",2017-08-11,0.56470128,0.7141531,0.55798091,0.65445768,66259867.7110738,0.63828453,0.63230575
"214",2017-08-10,0.53486663,0.58764959,0.51343014,0.575298,28320954.7834323,0.55143562,0.5510669
"215",2017-08-09,0.54926807,0.557176,0.51417171,0.54473382,24187735.9483276,0.53974333,0.54011925
"216",2017-08-08,0.47434551,0.55272454,0.45951013,0.55030681,39889210.8892651,0.49912806,0.49739146
"217",2017-08-07,0.43127378,0.48951563,0.41695006,0.47392147,30931432.550764,0.46014803,0.45551226
"218",2017-08-06,0.41059803,0.44017924,0.39516064,0.43151362,14195589.9348696,0.40696324,0.4066779
"219",2017-08-05,0.39440887,0.42765862,0.36662314,0.4088296,22135326.1742011,0.3996523,0.40246995
"220",2017-08-04,0.33350639,0.42049027,0.33350639,0.39504607,51074572.3716082,0.3855841,0.38186535
"221",2017-08-03,0.28715491,0.33748426,0.28544665,0.3336212,24653363.6886923,0.3202064,0.31504176
"222",2017-08-02,0.2932224,0.29633694,0.27307639,0.28671234,11757378.5868399,0.28476757,0.28458903
"223",2017-08-01,0.25717255,0.29563805,0.25315013,0.29247202,17560076.1513091,0.27397014,0.27130282
"224",2017-07-31,0.25660027,0.26172382,0.2484471,0.25691452,9589806.14796897,0.25637625,0.25624063
"225",2017-07-30,0.27783439,0.27959643,0.25447806,0.25620116,12388679.1677694,0.26623599,0.2666047
"226",2017-07-29,0.26844006,0.27801361,0.24740932,0.27774613,9941253.56735408,0.26109649,0.26075529
"227",2017-07-28,0.27425033,0.2786638,0.26353476,0.26750238,10780198.3094454,0.27119813,0.27129468
"228",2017-07-27,0.27658668,0.28548108,0.27572689,0.27572689,12027358.5238087,0.28185042,0.28176524
"229",2017-07-26,0.25218045,0.28559428,0.24272773,0.27718052,16743637.7180675,0.26494343,0.26236341
"230",2017-07-25,0.26581238,0.26847794,0.23967433,0.25146817,11529166.672812,0.25423198,0.25357006
"231",2017-07-24,0.26442851,0.27178006,0.23978915,0.26453646,16798966.0002531,0.26010987,0.25996011
"232",2017-07-23,0.27059837,0.2770972,0.25534627,0.26793462,11300761.4459727,0.26901579,0.26909627
"233",2017-07-22,0.26141518,0.27708577,0.25280736,0.27027125,14943367.7355663,0.26457954,0.26482684
"234",2017-07-21,0.29239801,0.30611256,0.24812133,0.26142936,23947704.6132711,0.28776886,0.28701497
"235",2017-07-20,0.23481791,0.29634627,0.2328984,0.28992282,35221267.7707793,0.27107368,0.26977697
"236",2017-07-19,0.27271199,0.28496692,0.23179455,0.23456415,27203764.7416802,0.26094051,0.25914638
"237",2017-07-18,0.26592827,0.31184952,0.25060155,0.27188464,42657375.1697095,0.28341581,0.28483674
"238",2017-07-17,0.18122414,0.27942861,0.1792861,0.26285975,57983110.5832477,0.23654784,0.22776029
"239",2017-07-16,0.15989896,0.18710766,0.15577743,0.18212457,22880118.5658862,0.16709732,0.16746447
"240",2017-07-15,0.17669375,0.17758261,0.14461206,0.15962949,24607952.1821399,0.16187166,0.16232948
"241",2017-07-14,0.21526966,0.21526966,0.16427334,0.17649026,14690441.1758062,0.19174956,0.19230447
"242",2017-07-13,0.2309214,0.2403746,0.19723382,0.21831103,15284403.8739606,0.22165097,0.22120482
"243",2017-07-12,0.19258795,0.23877963,0.18562947,0.23016763,17863763.4888838,0.21005994,0.21083882
"244",2017-07-11,0.21385086,0.23195082,0.18633047,0.19524509,30767887.4368406,0.21193995,0.21152816
"245",2017-07-10,0.30537001,0.30633583,0.18855864,0.21699806,32481218.8655278,0.25508837,0.26972897
"246",2017-07-09,0.30368591,0.31407408,0.28571129,0.30526315,6659106.76013032,0.29737958,0.29771666
"247",2017-07-08,0.28687599,0.32397407,0.28257459,0.30569227,9111336.82233497,0.29414012,0.29543076
"248",2017-07-07,0.35546129,0.3576197,0.27342057,0.28713357,23053601.3339511,0.31962215,0.32276016
"249",2017-07-06,0.38394368,0.38651895,0.32118508,0.353919,17674387.0912776,0.3671646,0.37032704
"250",2017-07-05,0.39870829,0.40454605,0.37562181,0.38286018,6797704.61566194,0.38984336,0.38980128
"251",2017-07-04,0.38138694,0.41375938,0.37865409,0.39787125,7469820.87177805,0.39377771,0.39435584
"252",2017-07-03,0.38493946,0.38885055,0.35980059,0.38087891,8778300.3220421,0.37691079,0.37696865
"253",2017-07-02,0.39716062,0.40040365,0.36930199,0.38603956,6565891.27193105,0.38425502,0.38505475
"254",2017-07-01,0.41126257,0.42398047,0.38804165,0.39511948,4487300.83634616,0.40796831,0.40658883
"255",2017-06-30,0.4217988,0.46020837,0.40957707,0.41149653,10279257.7051688,0.43264047,0.43183433
"256",2017-06-29,0.38199918,0.46427005,0.37214657,0.41227069,12710017.7507939,0.40391382,0.40250548
"257",2017-06-28,0.39878816,0.40379973,0.35900159,0.38467501,12438375.5268108,0.38257677,0.38265487
"258",2017-06-27,0.42452404,0.43145529,0.36001666,0.39396311,11210649.920415,0.39106812,0.3894354
"259",2017-06-26,0.48804098,0.49042198,0.36554066,0.42507848,22709610.148744,0.41574064,0.42147129
"260",2017-06-25,0.52910369,0.54170489,0.47612359,0.48713413,10645377.5155663,0.5169114,0.51535909
"261",2017-06-24,0.4979403,0.64977494,0.4979403,0.52892677,37465610.167919,0.5472902,0.55161543
"262",2017-06-23,0.45555914,0.49694058,0.44753034,0.49694058,7839722.94410577,0.46419593,0.46342431
"263",2017-06-22,0.44178561,0.45841146,0.43523281,0.45728112,5614781.50995488,0.45011014,0.45087361
"264",2017-06-21,0.45062458,0.47055133,0.42993158,0.44226486,9767422.27276242,0.45298871,0.45295319
"265",2017-06-20,0.43734032,0.45527132,0.42644066,0.45411287,8918148.05997302,0.43781595,0.43768986
"266",2017-06-19,0.4178839,0.44299869,0.40748222,0.43445068,8604924.70316422,0.42353791,0.4235241
"267",2017-06-18,0.45143564,0.45483427,0.40820413,0.41792823,6193564.43153841,0.43099337,0.43063949
"268",2017-06-17,0.42803223,0.46639113,0.42803223,0.45135577,7385398.69371092,0.45144934,0.45251391
"269",2017-06-16,0.35833825,0.45784987,0.3183801,0.41602319,16869908.9083567,0.39037371,0.39481182
"270",2017-06-15,0.55372144,0.55406599,0.31231496,0.37103769,28353666.8719824,0.42810822,0.43190851
